State ,District,Total Gram Panchayats,Service Ready Gram Panchayats
ANDAMAN AND NICOBAR ISLANDS,NICOBARS,8,7
ANDAMAN AND NICOBAR ISLANDS,NORTH AND MIDDLE ANDAMAN,37,37
ANDAMAN AND NICOBAR ISLANDS,SOUTH ANDAMANS,30,30
ANDHRA PRADESH,ANANTAPUR,1044,996
ANDHRA PRADESH,CHITTOOR,1412,1193
ANDHRA PRADESH,EAST GODAVARI,1103,1069
ANDHRA PRADESH,GUNTUR,1042,1011
ANDHRA PRADESH,KRISHNA,981,978
ANDHRA PRADESH,KURNOOL,973,937
ANDHRA PRADESH,PRAKASAM,1050,1032
ANDHRA PRADESH,SPSR NELLORE,944,930
ANDHRA PRADESH,SRIKAKULAM,1190,1155
ANDHRA PRADESH,VISAKHAPATANAM,969,919
ANDHRA PRADESH,VIZIANAGARAM,960,931
ANDHRA PRADESH,WEST GODAVARI,896,888
ANDHRA PRADESH,Y.S.R.,807,771
ARUNACHAL PRADESH,ANJAW,41,29
ARUNACHAL PRADESH,CHANGLANG,100,73
ARUNACHAL PRADESH,DIBANG VALLEY,21,19
ARUNACHAL PRADESH,EAST KAMENG,111,64
ARUNACHAL PRADESH,EAST SIANG,89,51
ARUNACHAL PRADESH,KAMLE,57,38
ARUNACHAL PRADESH,KRA DAADI,78,41
ARUNACHAL PRADESH,KURUNG KUMEY,75,29
ARUNACHAL PRADESH,LEPARADA,49,1
ARUNACHAL PRADESH,LOHIT,31,23
ARUNACHAL PRADESH,LONGDING,48,40
ARUNACHAL PRADESH,LOWER DIBANG VALLEY,60,22
ARUNACHAL PRADESH,LOWER SIANG,56,10
ARUNACHAL PRADESH,LOWER SUBANSIRI,163,30
ARUNACHAL PRADESH,NAMSAI,102,74
ARUNACHAL PRADESH,PAKKE KESSANG,28,9
ARUNACHAL PRADESH,PAPUM PARE,76,24
ARUNACHAL PRADESH,SHI YOMI,34,31
ARUNACHAL PRADESH,SIANG,77,36
ARUNACHAL PRADESH,TAWANG,80,64
ARUNACHAL PRADESH,TIRAP,56,37
ARUNACHAL PRADESH,UPPER SIANG,62,47
ARUNACHAL PRADESH,UPPER SUBANSIRI,121,87
ARUNACHAL PRADESH,WEST KAMENG,97,16
ARUNACHAL PRADESH,WEST SIANG,72,3
ASSAM,BAKSA,87,12
ASSAM,BARPETA,129,31
ASSAM,BISWANATH,76,59
ASSAM,BONGAIGAON,65,61
ASSAM,CACHAR,162,162
ASSAM,CHARAIDEO,36,36
ASSAM,CHIRANG,67,0
ASSAM,DARRANG,75,23
ASSAM,DHEMAJI,65,52
ASSAM,DHUBRI,77,34
ASSAM,DIBRUGARH,93,93
ASSAM,DIMA HASAO,15,0
ASSAM,GOALPARA,81,33
ASSAM,GOLAGHAT,102,63
ASSAM,HAILAKANDI,62,52
ASSAM,HOJAI,67,43
ASSAM,JORHAT,90,72
ASSAM,KAMRUP,139,139
ASSAM,KAMRUP METRO,21,21
ASSAM,KARBI ANGLONG,2,0
ASSAM,KARIMGANJ,93,43
ASSAM,KOKRAJHAR,120,0
ASSAM,LAKHIMPUR,81,4
ASSAM,MAJULI,20,18
ASSAM,MARIGAON,85,48
ASSAM,NAGAON,172,128
ASSAM,NALBARI,65,38
ASSAM,SIVASAGAR,82,62
ASSAM,SONITPUR,82,67
ASSAM,SOUTH SALMARA MANCACHAR,42,10
ASSAM,TINSUKIA,85,82
ASSAM,UDALGURI,109,22
ASSAM,WEST KARBI ANGLONG,6,0
BIHAR,ARARIA,218,218
BIHAR,ARWAL,66,65
BIHAR,AURANGABAD,204,204
BIHAR,BANKA,185,185
BIHAR,BEGUSARAI,229,229
BIHAR,BHAGALPUR,242,238
BIHAR,BHOJPUR,228,227
BIHAR,BUXAR,142,141
BIHAR,DARBHANGA,324,319
BIHAR,GAYA,332,332
BIHAR,GOPALGANJ,234,234
BIHAR,JAMUI,153,153
BIHAR,JEHANABAD,93,93
BIHAR,KAIMUR (BHABUA),149,144
BIHAR,KATIHAR,236,233
BIHAR,KHAGARIA,129,123
BIHAR,KISHANGANJ,126,126
BIHAR,LAKHISARAI,80,80
BIHAR,MADHEPURA,170,170
BIHAR,MADHUBANI,399,398
BIHAR,MUNGER,101,96
BIHAR,MUZAFFARPUR,385,383
BIHAR,NALANDA,249,249
BIHAR,NAWADA,187,187
BIHAR,PASHCHIM CHAMPARAN,315,301
BIHAR,PATNA,322,311
BIHAR,PURBI CHAMPARAN,405,405
BIHAR,PURNIA,246,246
BIHAR,ROHTAS,245,243
BIHAR,SAHARSA,151,145
BIHAR,SAMASTIPUR,381,381
BIHAR,SARAN,323,319
BIHAR,SHEIKHPURA,54,53
BIHAR,SHEOHAR,53,53
BIHAR,SITAMARHI,270,270
BIHAR,SIWAN,293,293
BIHAR,SUPAUL,181,174
BIHAR,VAISHALI,288,288
CHHATTISGARH,BALOD,435,403
CHHATTISGARH,BALODA BAZAR,644,564
CHHATTISGARH,BALRAMPUR,468,339
CHHATTISGARH,BASTAR,433,292
CHHATTISGARH,BEMETARA,429,351
CHHATTISGARH,BIJAPUR,170,87
CHHATTISGARH,BILASPUR,483,423
CHHATTISGARH,DANTEWADA,143,91
CHHATTISGARH,DHAMTARI,370,316
CHHATTISGARH,DURG,304,290
CHHATTISGARH,GARIYABAND,336,252
CHHATTISGARH,GAURELLA PENDRA MARWAHI,166,150
CHHATTISGARH,JANJGIR-CHAMPA,657,615
CHHATTISGARH,JASHPUR,444,411
CHHATTISGARH,KABIRDHAM,468,425
CHHATTISGARH,KANKER,454,392
CHHATTISGARH,KONDAGAON,383,251
CHHATTISGARH,KORBA,412,295
CHHATTISGARH,KOREA,363,231
CHHATTISGARH,MAHASAMUND,551,479
CHHATTISGARH,MUNGELI,370,317
CHHATTISGARH,NARAYANPUR,104,48
CHHATTISGARH,RAIGARH,774,700
CHHATTISGARH,RAIPUR,416,391
CHHATTISGARH,RAJNANDGAON,814,675
CHHATTISGARH,SUKMA,152,72
CHHATTISGARH,SURAJPUR,480,404
CHHATTISGARH,SURGUJA,440,386
GOA,NORTH GOA,102,0
GOA,SOUTH GOA,89,0
GUJARAT,AHMADABAD,465,465
GUJARAT,AMRELI,598,598
GUJARAT,ANAND,351,351
GUJARAT,ARVALLI,321,321
GUJARAT,BANAS KANTHA,879,876
GUJARAT,BHARUCH,545,545
GUJARAT,BHAVNAGAR,661,661
GUJARAT,BOTAD,180,180
GUJARAT,CHHOTAUDEPUR,343,343
GUJARAT,DANG,70,70
GUJARAT,DEVBHUMI DWARKA,239,239
GUJARAT,DOHAD,557,555
GUJARAT,GANDHINAGAR,286,286
GUJARAT,GIR SOMNATH,329,329
GUJARAT,JAMNAGAR,417,417
GUJARAT,JUNAGADH,491,491
GUJARAT,KACHCHH,632,632
GUJARAT,KHEDA,520,520
GUJARAT,MAHESANA,610,610
GUJARAT,MAHISAGAR,355,353
GUJARAT,MORBI,350,350
GUJARAT,NARMADA,222,222
GUJARAT,NAVSARI,368,368
GUJARAT,PANCH MAHALS,493,492
GUJARAT,PATAN,485,475
GUJARAT,PORBANDAR,148,148
GUJARAT,RAJKOT,591,591
GUJARAT,SABAR KANTHA,460,460
GUJARAT,SURAT,547,546
GUJARAT,SURENDRANAGAR,540,540
GUJARAT,TAPI,291,290
GUJARAT,VADODARA,527,527
GUJARAT,VALSAD,384,378
HARYANA,AMBALA,397,393
HARYANA,BHIWANI,304,297
HARYANA,CHARKI DADRI,166,163
HARYANA,FARIDABAD,116,111
HARYANA,FATEHABAD,257,245
HARYANA,GURUGRAM,177,177
HARYANA,HISAR,302,298
HARYANA,JHAJJAR,250,250
HARYANA,JIND,300,299
HARYANA,KAITHAL,278,270
HARYANA,KARNAL,382,372
HARYANA,KURUKSHETRA,393,381
HARYANA,MAHENDRAGARH,346,341
HARYANA,NUH,317,317
HARYANA,PALWAL,261,226
HARYANA,PANCHKULA,128,122
HARYANA,PANIPAT,175,168
HARYANA,REWARI,358,350
HARYANA,ROHTAK,139,139
HARYANA,SIRSA,338,332
HARYANA,SONIPAT,315,309
HARYANA,YAMUNANAGAR,472,437
HIMACHAL PRADESH,BILASPUR,151,0
HIMACHAL PRADESH,CHAMBA,283,44
HIMACHAL PRADESH,HAMIRPUR,231,172
HIMACHAL PRADESH,KANGRA,733,0
HIMACHAL PRADESH,KINNAUR,65,65
HIMACHAL PRADESH,KULLU,204,0
HIMACHAL PRADESH,LAHUL AND SPITI,41,41
HIMACHAL PRADESH,MANDI,464,25
HIMACHAL PRADESH,SHIMLA,361,6
HIMACHAL PRADESH,SIRMAUR,228,1
HIMACHAL PRADESH,SOLAN,212,55
HIMACHAL PRADESH,UNA,233,0
JAMMU AND KASHMIR,ANANTNAG,335,86
JAMMU AND KASHMIR,BANDIPORA,150,60
JAMMU AND KASHMIR,BARAMULLA,402,38
JAMMU AND KASHMIR,BUDGAM,296,40
JAMMU AND KASHMIR,DODA,237,92
JAMMU AND KASHMIR,GANDERBAL,126,20
JAMMU AND KASHMIR,JAMMU,305,131
JAMMU AND KASHMIR,KATHUA,257,109
JAMMU AND KASHMIR,KISHTWAR,134,128
JAMMU AND KASHMIR,KULGAM,178,0
JAMMU AND KASHMIR,KUPWARA,384,93
JAMMU AND KASHMIR,POONCH,229,224
JAMMU AND KASHMIR,PULWAMA,190,0
JAMMU AND KASHMIR,RAJOURI,312,0
JAMMU AND KASHMIR,RAMBAN,142,11
JAMMU AND KASHMIR,REASI,153,0
JAMMU AND KASHMIR,SAMBA,101,53
JAMMU AND KASHMIR,SHOPIAN,98,0
JAMMU AND KASHMIR,SRINAGAR,21,4
JAMMU AND KASHMIR,UDHAMPUR,236,0
JHARKHAND,BOKARO,249,248
JHARKHAND,CHATRA,152,152
JHARKHAND,DEOGHAR,194,193
JHARKHAND,DHANBAD,256,256
JHARKHAND,DUMKA,206,206
JHARKHAND,EAST SINGHBUM,231,226
JHARKHAND,GARHWA,189,189
JHARKHAND,GIRIDIH,352,351
JHARKHAND,GODDA,201,200
JHARKHAND,GUMLA,159,159
JHARKHAND,HAZARIBAGH,251,248
JHARKHAND,JAMTARA,118,118
JHARKHAND,KHUNTI,86,86
JHARKHAND,KODERMA,106,106
JHARKHAND,LATEHAR,115,107
JHARKHAND,LOHARDAGA,66,63
JHARKHAND,PAKUR,128,128
JHARKHAND,PALAMU,269,265
JHARKHAND,RAMGARH,125,124
JHARKHAND,RANCHI,305,301
JHARKHAND,SAHEBGANJ,163,159
JHARKHAND,SARAIKELA KHARSAWAN,132,132
JHARKHAND,SIMDEGA,94,94
JHARKHAND,WEST SINGHBHUM,217,216
KARNATAKA,BAGALKOTE,198,198
KARNATAKA,BALLARI,237,237
KARNATAKA,BELAGAVI,506,502
KARNATAKA,BENGALURU RURAL,102,101
KARNATAKA,BENGALURU URBAN,93,93
KARNATAKA,BIDAR,185,185
KARNATAKA,CHAMARAJANAGARA,130,130
KARNATAKA,CHIKKABALLAPURA,157,157
KARNATAKA,CHIKKAMAGALURU,226,226
KARNATAKA,CHITRADURGA,189,189
KARNATAKA,DAKSHINA KANNADA,228,228
KARNATAKA,DAVANGERE,196,196
KARNATAKA,DHARWAD,144,144
KARNATAKA,GADAG,122,121
KARNATAKA,HASSAN,267,267
KARNATAKA,HAVERI,223,223
KARNATAKA,KALABURAGI,263,263
KARNATAKA,KODAGU,104,104
KARNATAKA,KOLAR,156,156
KARNATAKA,KOPPAL,153,153
KARNATAKA,MANDYA,233,233
KARNATAKA,MYSURU,266,266
KARNATAKA,RAICHUR,179,179
KARNATAKA,RAMANAGARA,127,127
KARNATAKA,SHIVAMOGGA,271,271
KARNATAKA,TUMAKURU,330,330
KARNATAKA,UDUPI,158,158
KARNATAKA,UTTARA KANNADA,231,231
KARNATAKA,VIJAYAPURA,213,213
KARNATAKA,YADGIR,122,122
KERALA,ALAPPUZHA,72,72
KERALA,ERNAKULAM,82,82
KERALA,IDUKKI,52,52
KERALA,KANNUR,71,71
KERALA,KASARAGOD,38,38
KERALA,KOLLAM,68,68
KERALA,KOTTAYAM,71,71
KERALA,KOZHIKODE,70,70
KERALA,MALAPPURAM,94,94
KERALA,PALAKKAD,88,88
KERALA,PATHANAMTHITTA,53,53
KERALA,THIRUVANANTHAPURAM,73,73
KERALA,THRISSUR,86,86
KERALA,WAYANAD,23,23
LADAKH,KARGIL,97,97
LADAKH,LEH LADAKH,95,95
LAKSHADWEEP,LAKSHADWEEP DISTRICT,10,9
MADHYA PRADESH,AGAR MALWA,227,227
MADHYA PRADESH,ALIRAJPUR,288,288
MADHYA PRADESH,ANUPPUR,282,282
MADHYA PRADESH,ASHOKNAGAR,334,334
MADHYA PRADESH,BALAGHAT,689,687
MADHYA PRADESH,BARWANI,409,407
MADHYA PRADESH,BETUL,556,556
MADHYA PRADESH,BHIND,447,41
MADHYA PRADESH,BHOPAL,187,187
MADHYA PRADESH,BURHANPUR,167,166
MADHYA PRADESH,CHHATARPUR,558,225
MADHYA PRADESH,CHHINDWARA,784,780
MADHYA PRADESH,DAMOH,460,397
MADHYA PRADESH,DATIA,290,280
MADHYA PRADESH,DEWAS,495,495
MADHYA PRADESH,DHAR,761,384
MADHYA PRADESH,DINDORI,364,364
MADHYA PRADESH,EAST NIMAR,422,422
MADHYA PRADESH,GUNA,425,424
MADHYA PRADESH,GWALIOR,256,256
MADHYA PRADESH,HARDA,210,207
MADHYA PRADESH,HOSHANGABAD,422,418
MADHYA PRADESH,INDORE,312,312
MADHYA PRADESH,JABALPUR,516,516
MADHYA PRADESH,JHABUA,375,375
MADHYA PRADESH,KATNI,407,115
MADHYA PRADESH,KHARGONE,594,306
MADHYA PRADESH,MANDLA,486,480
MADHYA PRADESH,MANDSAUR,440,440
MADHYA PRADESH,MORENA,478,120
MADHYA PRADESH,NARSINGHPUR,446,445
MADHYA PRADESH,NEEMUCH,236,236
MADHYA PRADESH,NIWARI,136,136
MADHYA PRADESH,PANNA,395,390
MADHYA PRADESH,RAISEN,494,490
MADHYA PRADESH,RAJGARH,622,415
MADHYA PRADESH,RATLAM,418,418
MADHYA PRADESH,REWA,827,348
MADHYA PRADESH,SAGAR,741,328
MADHYA PRADESH,SATNA,692,690
MADHYA PRADESH,SEHORE,497,497
MADHYA PRADESH,SEONI,645,645
MADHYA PRADESH,SHAHDOL,391,77
MADHYA PRADESH,SHAJAPUR,326,326
MADHYA PRADESH,SHEOPUR,225,221
MADHYA PRADESH,SHIVPURI,600,215
MADHYA PRADESH,SIDHI,400,151
MADHYA PRADESH,SINGRAULI,316,212
MADHYA PRADESH,TIKAMGARH,323,323
MADHYA PRADESH,UJJAIN,609,252
MADHYA PRADESH,UMARIA,234,233
MADHYA PRADESH,VIDISHA,577,237
MAHARASHTRA,AHMEDNAGAR,1316,935
MAHARASHTRA,AKOLA,535,490
MAHARASHTRA,AMRAVATI,840,836
MAHARASHTRA,AURANGABAD,866,716
MAHARASHTRA,BEED,1031,1012
MAHARASHTRA,BHANDARA,541,531
MAHARASHTRA,BULDHANA,869,712
MAHARASHTRA,CHANDRAPUR,828,818
MAHARASHTRA,DHULE,541,539
MAHARASHTRA,GADCHIROLI,458,321
MAHARASHTRA,GONDIA,545,542
MAHARASHTRA,HINGOLI,563,558
MAHARASHTRA,JALGAON,1151,1106
MAHARASHTRA,JALNA,779,776
MAHARASHTRA,KOLHAPUR,1025,798
MAHARASHTRA,LATUR,784,782
MAHARASHTRA,NAGPUR,768,756
MAHARASHTRA,NANDED,1309,1017
MAHARASHTRA,NANDURBAR,595,589
MAHARASHTRA,NASHIK,1385,1032
MAHARASHTRA,OSMANABAD,622,619
MAHARASHTRA,PALGHAR,473,458
MAHARASHTRA,PARBHANI,704,690
MAHARASHTRA,PUNE,1400,1127
MAHARASHTRA,RAIGAD,810,788
MAHARASHTRA,RATNAGIRI,846,474
MAHARASHTRA,SANGLI,699,688
MAHARASHTRA,SATARA,1497,1097
MAHARASHTRA,SINDHUDURG,431,399
MAHARASHTRA,SOLAPUR,1029,778
MAHARASHTRA,THANE,430,66
MAHARASHTRA,WARDHA,520,507
MAHARASHTRA,WASHIM,491,483
MAHARASHTRA,YAVATMAL,1201,1123
MANIPUR,BISHNUPUR,24,24
MANIPUR,CHANDEL,444,334
MANIPUR,CHURACHANDPUR,649,314
MANIPUR,IMPHAL EAST,50,48
MANIPUR,IMPHAL WEST,39,35
MANIPUR,JIRIBAM,6,0
MANIPUR,KAKCHING,17,17
MANIPUR,KAMJONG,132,56
MANIPUR,KANGPOKPI,693,261
MANIPUR,NONEY,73,14
MANIPUR,PHERZAWL,100,52
MANIPUR,SENAPATI,141,17
MANIPUR,TAMENGLONG,121,34
MANIPUR,TENGNOUPAL,194,95
MANIPUR,THOUBAL,25,25
MANIPUR,UKHRUL,98,39
MEGHALAYA,EAST GARO HILLS,60,47
MEGHALAYA,EAST JAINTIA HILLS,71,22
MEGHALAYA,EAST KHASI HILLS,216,77
MEGHALAYA,NORTH GARO HILLS,59,49
MEGHALAYA,RI BHOI,107,16
MEGHALAYA,SOUTH GARO HILLS,141,107
MEGHALAYA,SOUTH WEST GARO HILLS,260,71
MEGHALAYA,SOUTH WEST KHASI HILLS,61,54
MEGHALAYA,WEST GARO HILLS,513,13
MEGHALAYA,WEST JAINTIA HILLS,164,74
MEGHALAYA,WEST KHASI HILLS,177,139
MIZORAM,AIZAWL,69,32
MIZORAM,CHAMPHAI,62,47
MIZORAM,HNAHTHIAL,32,12
MIZORAM,KHAWZAWL,37,25
MIZORAM,KOLASIB,40,5
MIZORAM,LAWNGTLAI,160,86
MIZORAM,LUNGLEI,101,63
MIZORAM,MAMIT,89,78
MIZORAM,SAIHA,84,78
MIZORAM,SAITUAL,44,37
MIZORAM,SERCHHIP,47,29
NAGALAND,DIMAPUR,191,92
NAGALAND,KIPHIRE,63,6
NAGALAND,KOHIMA,80,20
NAGALAND,LONGLENG,27,1
NAGALAND,MOKOKCHUNG,67,13
NAGALAND,MON,83,4
NAGALAND,PEREN,70,11
NAGALAND,PHEK,68,40
NAGALAND,TUENSANG,77,5
NAGALAND,WOKHA,114,18
NAGALAND,ZUNHEBOTO,158,17
ODISHA,ANUGUL,225,223
ODISHA,BALANGIR,318,318
ODISHA,BALESHWAR,361,360
ODISHA,BARGARH,253,253
ODISHA,BHADRAK,218,218
ODISHA,BOUDH,69,68
ODISHA,CUTTACK,374,374
ODISHA,DEOGARH,70,70
ODISHA,DHENKANAL,211,211
ODISHA,GAJAPATI,149,149
ODISHA,GANJAM,503,503
ODISHA,JAGATSINGHAPUR,198,198
ODISHA,JAJAPUR,311,310
ODISHA,JHARSUGUDA,78,78
ODISHA,KALAHANDI,310,308
ODISHA,KANDHAMAL,171,171
ODISHA,KENDRAPARA,249,246
ODISHA,KENDUJHAR,297,297
ODISHA,KHORDHA,190,190
ODISHA,KORAPUT,240,240
ODISHA,MALKANGIRI,111,111
ODISHA,MAYURBHANJ,402,401
ODISHA,NABARANGPUR,189,189
ODISHA,NAYAGARH,194,193
ODISHA,NUAPADA,131,131
ODISHA,PURI,268,267
ODISHA,RAYAGADA,182,182
ODISHA,SAMBALPUR,138,138
ODISHA,SONEPUR,109,109
ODISHA,SUNDARGARH,279,279
PUDUCHERRY,KARAIKAL,27,26
PUDUCHERRY,PONDICHERRY,81,70
PUNJAB,AMRITSAR,860,839
PUNJAB,BARNALA,175,152
PUNJAB,BATHINDA,314,295
PUNJAB,FARIDKOT,243,190
PUNJAB,FATEHGARH SAHIB,428,425
PUNJAB,FAZILKA,434,373
PUNJAB,FIROZEPUR,836,735
PUNJAB,GURDASPUR,1285,1255
PUNJAB,HOSHIARPUR,1405,1381
PUNJAB,JALANDHAR,890,879
PUNJAB,KAPURTHALA,546,520
PUNJAB,LUDHIANA,941,881
PUNJAB,MANSA,245,240
PUNJAB,MOGA,340,325
PUNJAB,PATHANKOT,421,396
PUNJAB,PATIALA,1038,968
PUNJAB,RUPNAGAR,611,575
PUNJAB,S.A.S NAGAR,341,337
PUNJAB,SANGRUR,601,577
PUNJAB,SHAHID BHAGAT SINGH NAGAR,466,454
PUNJAB,SRI MUKTSAR SAHIB,269,259
PUNJAB,TARN TARAN,574,538
RAJASTHAN,AJMER,325,282
RAJASTHAN,ALWAR,580,476
RAJASTHAN,BANSWARA,417,115
RAJASTHAN,BARAN,235,186
RAJASTHAN,BARMER,689,240
RAJASTHAN,BHARATPUR,405,373
RAJASTHAN,BHILWARA,398,384
RAJASTHAN,BIKANER,367,290
RAJASTHAN,BUNDI,184,183
RAJASTHAN,CHITTORGARH,299,267
RAJASTHAN,CHURU,304,253
RAJASTHAN,DAUSA,287,230
RAJASTHAN,DHOLPUR,191,94
RAJASTHAN,DUNGARPUR,353,121
RAJASTHAN,GANGANAGAR,345,243
RAJASTHAN,HANUMANGARH,269,251
RAJASTHAN,JAIPUR,606,532
RAJASTHAN,JAISALMER,206,102
RAJASTHAN,JALORE,307,274
RAJASTHAN,JHALAWAR,254,252
RAJASTHAN,JHUNJHUNU,337,301
RAJASTHAN,JODHPUR,629,432
RAJASTHAN,KARAULI,243,227
RAJASTHAN,KOTA,158,155
RAJASTHAN,NAGAUR,500,466
RAJASTHAN,PALI,341,321
RAJASTHAN,PRATAPGARH,235,110
RAJASTHAN,RAJSAMAND,214,207
RAJASTHAN,SAWAI MADHOPUR,229,200
RAJASTHAN,SIKAR,375,342
RAJASTHAN,SIROHI,171,162
RAJASTHAN,TONK,236,230
RAJASTHAN,UDAIPUR,652,464
SIKKIM,EAST DISTRICT,50,11
SIKKIM,NORTH DISTRICT,25,7
SIKKIM,SOUTH DISTRICT,48,15
SIKKIM,WEST DISTRICT,61,13
TAMIL NADU,ARIYALUR,201,109
TAMIL NADU,CHENGALPATTU,359,247
TAMIL NADU,COIMBATORE,228,147
TAMIL NADU,CUDDALORE,683,203
TAMIL NADU,DHARMAPURI,251,98
TAMIL NADU,DINDIGUL,306,193
TAMIL NADU,ERODE,225,137
TAMIL NADU,KALLAKURICHI,412,197
TAMIL NADU,KANCHIPURAM,274,102
TAMIL NADU,KANNIYAKUMARI,95,71
TAMIL NADU,KARUR,157,157
TAMIL NADU,KRISHNAGIRI,333,319
TAMIL NADU,MADURAI,420,92
TAMIL NADU,NAGAPATTINAM,434,433
TAMIL NADU,NAMAKKAL,322,209
TAMIL NADU,PERAMBALUR,121,59
TAMIL NADU,PUDUKKOTTAI,497,365
TAMIL NADU,RAMANATHAPURAM,429,43
TAMIL NADU,RANIPET,288,240
TAMIL NADU,SALEM,385,134
TAMIL NADU,SIVAGANGA,445,239
TAMIL NADU,TENKASI,221,179
TAMIL NADU,THANJAVUR,589,588
TAMIL NADU,THE NILGIRIS,35,11
TAMIL NADU,THENI,130,90
TAMIL NADU,THIRUVALLUR,526,277
TAMIL NADU,THIRUVARUR,430,423
TAMIL NADU,TIRUCHIRAPPALLI,404,401
TAMIL NADU,TIRUNELVELI,204,92
TAMIL NADU,TIRUPATHUR,208,197
TAMIL NADU,TIRUPPUR,265,141
TAMIL NADU,TIRUVANNAMALAI,860,685
TAMIL NADU,TUTICORIN,403,74
TAMIL NADU,VELLORE,247,177
TAMIL NADU,VILLUPURAM,688,235
TAMIL NADU,VIRUDHUNAGAR,450,60
TELANGANA,ADILABAD,468,369
TELANGANA,BHADRADRI KOTHAGUDEM,481,176
TELANGANA,JAGITIAL,380,356
TELANGANA,JANGOAN,281,280
TELANGANA,JAYASHANKAR BHUPALAPALLY,241,188
TELANGANA,JOGULAMBA GADWAL,255,247
TELANGANA,KAMAREDDY,527,296
TELANGANA,KARIMNAGAR,313,307
TELANGANA,KHAMMAM,589,394
TELANGANA,KUMURAM BHEEM ASIFABAD,335,243
TELANGANA,MAHABUBABAD,461,344
TELANGANA,MAHABUBNAGAR,442,414
TELANGANA,MANCHERIAL,310,227
TELANGANA,MEDAK,469,445
TELANGANA,MEDCHAL MALKAJGIRI,61,46
TELANGANA,MULUGU,174,90
TELANGANA,NAGARKURNOOL,455,408
TELANGANA,NALGONDA,844,800
TELANGANA,NARAYANPET,280,271
TELANGANA,NIRMAL,396,307
TELANGANA,NIZAMABAD,530,374
TELANGANA,PEDDAPALLI,266,251
TELANGANA,RAJANNA SIRCILLA,255,253
TELANGANA,RANGA REDDY,558,475
TELANGANA,SANGAREDDY,646,598
TELANGANA,SIDDIPET,499,486
TELANGANA,SURYAPET,475,467
TELANGANA,VIKARABAD,566,384
TELANGANA,WANAPARTHY,260,251
TELANGANA,WARANGAL RURAL,401,388
TELANGANA,WARANGAL URBAN,130,129
TELANGANA,YADADRI BHUVANAGIRI,421,413
THE DADRA AND NAGAR HAVELI AND DAMAN AND DIU,DADRA AND NAGAR HAVELI,20,20
THE DADRA AND NAGAR HAVELI AND DAMAN AND DIU,DAMAN,14,14
THE DADRA AND NAGAR HAVELI AND DAMAN AND DIU,DIU,4,4
TRIPURA,DHALAI,132,85
TRIPURA,GOMATI,165,148
TRIPURA,KHOWAI,108,77
TRIPURA,NORTH TRIPURA,120,64
TRIPURA,SEPAHIJALA,160,104
TRIPURA,SOUTH TRIPURA,169,95
TRIPURA,UNAKOTI,85,77
TRIPURA,WEST TRIPURA,144,89
UTTAR PRADESH EAST,AMBEDKAR NAGAR,925,806
UTTAR PRADESH EAST,AMETHI,682,672
UTTAR PRADESH EAST,AYODHYA,835,787
UTTAR PRADESH EAST,AZAMGARH,1871,582
UTTAR PRADESH EAST,BAHRAICH,1054,328
UTTAR PRADESH EAST,BALLIA,946,409
UTTAR PRADESH EAST,BALRAMPUR,801,151
UTTAR PRADESH EAST,BANDA,470,437
UTTAR PRADESH EAST,BARABANKI,1165,1054
UTTAR PRADESH EAST,BASTI,1235,1148
UTTAR PRADESH EAST,BHADOHI,561,549
UTTAR PRADESH EAST,CHANDAULI,734,715
UTTAR PRADESH EAST,CHITRAKOOT,335,327
UTTAR PRADESH EAST,DEORIA,1189,1107
UTTAR PRADESH EAST,FARRUKHABAD,600,386
UTTAR PRADESH EAST,FATEHPUR,840,373
UTTAR PRADESH EAST,GHAZIPUR,1239,1019
UTTAR PRADESH EAST,GONDA,1053,261
UTTAR PRADESH EAST,GORAKHPUR,1351,1301
UTTAR PRADESH EAST,HAMIRPUR,330,301
UTTAR PRADESH EAST,HARDOI,1306,1148
UTTAR PRADESH EAST,JALAUN,575,564
UTTAR PRADESH EAST,JAUNPUR,1749,1521
UTTAR PRADESH EAST,JHANSI,496,480
UTTAR PRADESH EAST,KANNAUJ,501,79
UTTAR PRADESH EAST,KANPUR DEHAT,640,623
UTTAR PRADESH EAST,KANPUR NAGAR,590,564
UTTAR PRADESH EAST,KAUSHAMBI,476,448
UTTAR PRADESH EAST,KHERI,1166,1010
UTTAR PRADESH EAST,KUSHI NAGAR,1049,1024
UTTAR PRADESH EAST,LALITPUR,415,389
UTTAR PRADESH EAST,LUCKNOW,570,494
UTTAR PRADESH EAST,MAHARAJGANJ,923,896
UTTAR PRADESH EAST,MAHOBA,273,244
UTTAR PRADESH EAST,MAU,675,587
UTTAR PRADESH EAST,MIRZAPUR,809,287
UTTAR PRADESH EAST,PRATAPGARH,1241,1144
UTTAR PRADESH EAST,PRAYAGRAJ,1637,1559
UTTAR PRADESH EAST,RAE BARELI,989,887
UTTAR PRADESH EAST,SANT KABEER NAGAR,793,733
UTTAR PRADESH EAST,SHAHJAHANPUR,1077,957
UTTAR PRADESH EAST,SHRAVASTI,396,139
UTTAR PRADESH EAST,SIDDHARTH NAGAR,1199,1144
UTTAR PRADESH EAST,SITAPUR,1601,1452
UTTAR PRADESH EAST,SONBHADRA,637,48
UTTAR PRADESH EAST,SULTANPUR,986,855
UTTAR PRADESH EAST,UNNAO,1043,936
UTTAR PRADESH EAST,VARANASI,760,760
UTTAR PRADESH WEST,AGRA,695,598
UTTAR PRADESH WEST,ALIGARH,887,686
UTTAR PRADESH WEST,AMROHA,601,376
UTTAR PRADESH WEST,AURAIYA,477,193
UTTAR PRADESH WEST,BAGHPAT,245,212
UTTAR PRADESH WEST,BAREILLY,1193,634
UTTAR PRADESH WEST,BIJNOR,1128,946
UTTAR PRADESH WEST,BUDAUN,1038,618
UTTAR PRADESH WEST,BULANDSHAHR,951,851
UTTAR PRADESH WEST,ETAH,576,398
UTTAR PRADESH WEST,ETAWAH,471,383
UTTAR PRADESH WEST,FIROZABAD,569,346
UTTAR PRADESH WEST,GAUTAM BUDDHA NAGAR,88,70
UTTAR PRADESH WEST,GHAZIABAD,161,151
UTTAR PRADESH WEST,HAPUR,272,252
UTTAR PRADESH WEST,HATHRAS,474,407
UTTAR PRADESH WEST,KASGANJ,423,227
UTTAR PRADESH WEST,MAINPURI,552,333
UTTAR PRADESH WEST,MATHURA,516,479
UTTAR PRADESH WEST,MEERUT,479,428
UTTAR PRADESH WEST,MORADABAD,585,494
UTTAR PRADESH WEST,MUZAFFARNAGAR,498,421
UTTAR PRADESH WEST,PILIBHIT,720,352
UTTAR PRADESH WEST,RAMPUR,684,556
UTTAR PRADESH WEST,SAHARANPUR,886,705
UTTAR PRADESH WEST,SAMBHAL,555,438
UTTAR PRADESH WEST,SHAMLI,230,74
UTTARAKHAND,ALMORA,1160,210
UTTARAKHAND,BAGESHWAR,407,185
UTTARAKHAND,CHAMOLI,610,52
UTTARAKHAND,CHAMPAWAT,313,65
UTTARAKHAND,DEHRADUN,401,155
UTTARAKHAND,HARIDWAR,306,299
UTTARAKHAND,NAINITAL,479,162
UTTARAKHAND,PAURI GARHWAL,1174,242
UTTARAKHAND,PITHORAGARH,686,43
UTTARAKHAND,RUDRA PRAYAG,336,2
UTTARAKHAND,TEHRI GARHWAL,1034,118
UTTARAKHAND,UDAM SINGH NAGAR,376,233
UTTARAKHAND,UTTAR KASHI,508,72
WEST BENGAL,24 PARAGANAS NORTH,199,142
WEST BENGAL,24 PARAGANAS SOUTH,310,120
WEST BENGAL,ALIPURDUAR,66,66
WEST BENGAL,BANKURA,190,190
WEST BENGAL,BIRBHUM,167,167
WEST BENGAL,COOCHBEHAR,128,128
WEST BENGAL,DARJEELING,92,22
WEST BENGAL,DINAJPUR DAKSHIN,64,42
WEST BENGAL,DINAJPUR UTTAR,98,76
WEST BENGAL,HOOGHLY,207,98
WEST BENGAL,HOWRAH,157,117
WEST BENGAL,JALPAIGURI,80,80
WEST BENGAL,JHARGRAM,79,79
WEST BENGAL,KALIMPONG,32,0
WEST BENGAL,MALDAH,144,109
WEST BENGAL,MEDINIPUR EAST,223,223
WEST BENGAL,MEDINIPUR WEST,211,211
WEST BENGAL,MURSHIDABAD,250,250
WEST BENGAL,NADIA,185,185
WEST BENGAL,PASCHIM BARDHAMAN,62,56
WEST BENGAL,PURBA BARDHAMAN,215,116
WEST BENGAL,PURULIA,170,170
Total,,262489,208099
